city,country,gdp_billion_usd,population,gdp_per_capita
A Coruña metropolitan area,Spain,32.344,1121758,28833.31
Aachen,Germany,27.092,556631,48671.38
Aalborg,Denmark,30.46,591740,51475.31
Aarhus,Denmark,53.383,913861,58414.79
"Abbotsford, British Columbia",Canada,7.848,208961,37557.25
"Aberdeen, Scotland",United Kingdom,25.129,492070,51067.94
Abidjan,Ivory Coast,27,5600000,4821.43
"Abilene, TX MSA",United States,10.306623,181591,56757.34
Abu Dhabi metropolitan area,United Arab Emirates,277.93,1740000,159729.89
Addis Ababa,Ethiopia,61.2,5400000,11333.33
Adelaide,Australia,64.461,1344368,47948.92
Ahmedabad,India,136.1,9300000,14634.41
Aix-Marseille-Provence Metropolis,France,148.289,3146578,47127.07
"Akron, OH MSA",United States,47.285487,698398,67705.64
"Albany, GA MSA",United States,7.782093,145508,53482.23
"Albany-Lebanon, OR MSA",United States,6.441520,130467,49372.79
"Albany-Schenectady-Troy, NY MSA",United States,84.910398,1238717,68547.05
"Albuquerque, NM MSA",United States,59.382941,922296,64385.99
Alexandria,Egypt,36.000,5950000,6050.42
"Alexandria, LA MSA",United States,7.753574,148171,52328.55
Alicante metropolitan area,Spain,44.091,1895192,23264.66
"Allentown-Bethlehem-Easton, PA-NJ MSA",United States,59.890990,873555,68560.07
Almaty,Kazakhstan,61.406,2625000,23392.76
"Altoona, PA MSA",United States,7.681160,120273,63864.38
Alxa[21],China,5.808,268850,21603.12
"Amarillo, TX MSA",United States,18.913682,272395,69434.76
"Ames, IA MSA",United States,8.615031,125156,68834.34
Amiens,France,19.467,567745,34288.28
Amsterdam metropolitan area,Netherlands,635.244,2525000,251581.78
Anápolis,Brazil,6.740,398869,16897.78
"Anchorage, AK MSA",United States,34.065381,401314,84884.61
Angers Loire Métropole,France,29.514,822488,35883.81
Ankara,Turkey,142.3,5864049,24266.51
"Ann Arbor, MI MSA",United States,33.013856,365536,90316.29
Annecy,France,30.128,841639,35796.82
"Anniston-Oxford, AL MSA",United States,5.891059,116429,50597.87
Anshan,China,80.968,2625000,30844.95
Antwerp metropolitan area,Belgium,65.467,1067117,61349.41
"Appleton, Wisconsin metropolitan area",United States,18.532326,246433,75202.29
Arequipa,Peru,7.0,1157500,6047.52
Arnhem–Nijmegen metropolitan area,Netherlands,37.694,744715,50615.34
"Asheville, NC MSA",United States,29.014297,417202,69544.96
Astana,Kazakhstan,32.517,1530000,21252.94
Asturias metropolitan area,Spain,27.853,1012889,27498.57
Athens Metropolitan Area,Greece,97.709,3547391,27543.9
"Athens-Clarke County, GA MSA",United States,13.768348,222060,62002.83
"Atlanta-Sandy Springs-Roswell, GA (Metropolitan Statistical Area)",United States,570.663,6100000,93551.31
"Atlantic City-Hammonton, NJ MSA",United States,18.726628,369823,50636.73
"Auburn-Opelika, AL MSA",United States,8.799349,201585,43650.81
Auckland,New Zealand,88.540,1480000,59824.32
"Augusta-Richmond County, GA-SC MSA",United States,37.292712,629429,59248.48
"Austin-Round Rock, TX (Metropolitan Statistical Area)",United States,248.109564,2175000,114073.36
Baghdad,Iraq,106.184,7800000,13613.33
"Bakersfield, CA MSA",United States,59.846810,916108,65327.24
Balikpapan-Samarinda Metropolitan,Indonesia,29.901,2621877,11404.43
Ballarat,Australia,4.460,108491,41109.4
"Baltimore-Columbia-Towson, MD (Metropolitan Statistical Area)",United States,259.690214,2834316,91623.59
Bandung Metropolitan,Indonesia,38.290,7050000,5431.21
Bangkok Metropolitan Region,Thailand,252.128,19900000,12669.75
"Bangor, ME MSA",United States,9.020616,155312,58080.61
Banjarmasin Metropolitan,Indonesia,6.017,2164485,2779.88
Baotou[37][38],China,64.242,2766900,23218.04
Barcelona metropolitan area,Spain,205.461,5639523,36432.34
"Barnstable Town, MA MSA",United States,18.186673,231735,78480.48
Barrie,Canada,7.98,228979,34850.36
Batam Metropolitan,Indonesia,16.006,1450000,11038.62
"Baton Rouge, LA MSA",United States,68.827180,873661,78780.19
"Battle Creek, MI MSA",United States,8.543282,133366,64058.92
"Bay City, MI MSA",United States,4.507259,102500,43973.26
"Beaumont-Port Arthur, TX MSA",United States,31.114626,395479,78675.8
"Beckley, WV MSA",United States,5.541536,111428,49731.99
Belfast,United Kingdom,24.446,348005,70246.12
Belgrade,Serbia,25.31,1430000,17699.3
"Belleville, Ontario",Canada,4.375,116013,37711.29
"Bellingham, WA MSA",United States,21.489731,231919,92660.5
Belo Horizonte,Brazil,63.490,6006887,10569.53
"Bend, OR MSA",United States,15.445974,260919,59198.35
Bendigo,Australia,3.961,99416,39842.68
Bengaluru,India,359.9,13700000,26270.07
Bergamo metropolitan area,Italy,46.79,1103556,42399.3
Bergen Region,Norway,43.188,638821,67605.79
Berlin/Brandenburg Metropolitan Region,Germany,329.5772,4850000,67954.06
Bern metropolitan area,Switzerland,92.957,1043132,89113.36
Bhopal,India,5.35,2600000,2057.69
Białystok metropolitan area,Poland,7.631,488942,15607.17
Bielefeld,Germany,17.56,333509,52652.25
Bilbao metropolitan area,Spain,41.923,1139871,36778.72
"Billings, MT MSA",United States,14.407832,191435,75262.27
"Binghamton, NY MSA",United States,12.927169,243792,53025.4
Birmingham(West Midlands),United Kingdom,242.839,6085687,39903.3
"Birmingham-Hoover, AL MSA",United States,84.566170,1116857,75717.99
"Bismarck, ND MSA",United States,9.430711,135786,69452.75
"Blacksburg-Christiansburg, VA MSA",United States,10.166304,165812,61312.23
"Bloomington, IL MSA",United States,15.005648,170441,88040.13
"Bloomington, IN MSA",United States,9.641723,160874,59933.38
"Bloomsburg-Berwick, PA MSA",United States,5.613010,83017,67612.78
Bocholt metropolitan area,Germany,17.907,371898,48150.3
"Boise, ID MSA",United States,55.331136,824657,67095.94
Bologna metropolitan area,Italy,51.008,1015608,50224.1
Bordeaux,France,72.475,1661929,43608.96
"Boston-Cambridge-Newton, MA-NH (Metropolitan Statistical Area)",United States,610.486,4919179,124103.23
"Boulder, CO MSA",United States,37.662897,326831,115236.61
"Bournemouth,Christchurch, DorsetandPoole",United Kingdom,18.621,404050,46085.88
"Bowling Green, KY MSA",United States,11.830435,188840,62647.93
Brantford,Canada,5.589,158391,35286.1
Brasília,Brazil,79.850,4627771,17254.53
Brașov,Romania,9.347,553256,16894.53
Bratislava metropolitan area,Slovakia,32.338,723714,44683.4
Breda,Netherlands,38.136,637031,59865.22
Bremen,Germany,63,1278848,49263.09
Bremerhaven,Germany,11.14,312383,35661.35
"Bremerton-Silverdale-Port Orchard, WA MSA",United States,17.319445,277658,62376.9
Brescia metropolitan area,Italy,53.728,1255709,42786.98
Brest Métropole,France,32.208,919983,35009.34
"Bridgeport-Stamford-Norwalk, CT (Metropolitan Statistical Area)",United States,116.030979,962946,120495.83
Brighton & Hove,United Kingdom,16.510,279637,59040.83
Brisbane,Australia,177,2388038,74119.42
Bristol,United Kingdom,28.328,482998,58650.35
Brno,Czech Republic,31.944,1184568,26966.79
"Brownsville-Harlingen, TX MSA",United States,15.602248,426710,36564.06
"Brunswick, GA MSA",United States,6.444126,114442,56309.1
Brussels metropolitan area,Belgium,211.091,3348154,63046.98
Bucharest Metropolitan Area,Romania,79.977,2327057,34368.3
Budapest metropolitan area,Hungary,86.176,3031887,28423.22
"Buffalo-Niagara Falls, NY (Metropolitan Statistical Area)",United States,90.716457,1155604,78501.34
"Burlington, NC MSA",United States,8.624438,179165,48136.85
"Burlington-South Burlington, VT MSA",United States,18.671208,227942,81912.1
Bursa,Turkey,37,2175000,17011.49
Busan-Gyeongnam Area,South Korea,252.145,5115000,49295.21
Bydgoszcz–Toruń metropolitan area,Poland,14.079,751413,18736.7
Cádiz-Jerez metropolitan area,Spain,26.772,1258153,21278.81
Caen,France,25.18,695207,36219.43
Cairns,Australia,10.709,153951,69561.09
Calgary Metropolitan Region,Canada,99.848,1608342,62081.32
"California-Lexington Park, MD MSA",United States,9.882630,114877,86027.93
Campinas,Brazil,63.310,3200000,19784.38
Campo Grande,Brazil,5.770,898100,6424.67
Campos dos Goytacazes,Brazil,7.130,511168,13948.45
Canberra,Australia,30.909,465118,66454.1
"Canton-Massillon, OH MSA",United States,24.599897,399474,61580.72
"Cape Coral-Fort Myers, FL MSA",United States,50.645899,834573,60684.8
"Cape Girardeau, MO-IL MSA",United States,5.797295,98223,59021.77
Cape Town,South Africa,56.300,4375000,12868.57
Caracas,Venezuela,70,1942652,36033.22
"Carbondale-Marion, IL MSA",United States,7.263128,132693,54736.33
CardiffandVale of Glamorgan,United Kingdom,24.345,518269,46973.68
"Carson City, NV MSA",United States,4.777092,58036,82312.56
Casablanca,Morocco,47.000,4625000,10162.16
"Casper, WY MSA",United States,6.983637,79941,87359.89
Cebu City,Philippines,5.6,2700000,2074.07
"Cedar Rapids, IA MSA",United States,22.962630,275668,83298.13
Central German Metropolitan Region,Germany,335.193,8300000,40384.7
"Chambersburg-Waynesboro, PA MSA",United States,8.148840,156902,51935.86
"Champaign-Urbana, IL MSA",United States,15.512304,235608,65839.46
Chandigarh,India,6,2575000,2330.1
Changchun,China,96.240,3700000,26010.81
Changde,China,54.355,1160000,46857.76
Changji[64],China,35.234,1623350,21704.5
Changsha,China,214.4,10564800,20293.81
Charleroi,Belgium,16.619,558107,29777.44
"Charleston-North Charleston, SC MSA",United States,63.973949,849417,75315.13
"Charleston, WV MSA",United States,16.291494,203164,80188.88
"Charlotte-Concord-Gastonia, NC-SC (Metropolitan Statistical Area)",United States,255.666417,2805115,91142.94
"Charlottesville, VA MSA",United States,18.817343,225127,83585.46
"Chattanooga, TN-GA MSA",United States,42.381201,580971,72948.91
Chengdu[68],China,330.136,21403000,15424.75
Chennai,India,219,11300000,19380.53
"Cheyenne, WY MSA",United States,8.285241,100984,82045.09
"Chicago-Naperville-Elgin, IL-IN-WI (Metropolitan Statistical Area)",United States,919.229,9650000,95256.89
Chiclayo,Peru,4.0,612800,6527.42
"Chico, CA MSA",United States,11.727399,207172,56607.07
Chilliwack,Canada,4.119,121802,33817.18
Chimbote,Peru,5.0,406600,12297.1
Chittagong,Bangladesh,25.5,4925000,5177.66
Chongqing,China,452.043,31900000,14170.63
Chuzhou[citation needed],China,56.649,4055500,13968.44
"Cincinnati, OH-KY-IN (Metropolitan Statistical Area)",United States,198.888723,2271479,87559.13
"Clarksville, TN-KY MSA",United States,17.765745,340495,52176.23
Clermont-Ferrand,France,27.074,669014,40468.51
"Cleveland-Elyria, OH (Metropolitan Statistical Area)",United States,173.135607,2063132,83918.82
"Cleveland, TN MSA",United States,6.807509,129612,52522.21
Cluj-Napoca,Romania,14.75,710284,20766.34
Cocos (Keeling) Islands,Cocos (Keeling) Islands,0.011,561,19607.84
"Coeur d'Alene, ID MSA",United States,10.583848,185010,57206.9
Coimbatore,India,45,2775000,16216.22
Coimbra,Portugal,9.799,438212,22361.32
"College Station-Bryan, TX MSA",United States,19.585335,281445,69588.5
Colombo,Sri Lanka,33,4900000,6734.69
"Colorado Springs, CO MSA",United States,53.092641,768832,69056.23
"Columbia, MO MSA",United States,13.572357,216511,62686.69
"Columbia, SC MSA",United States,58.497422,858302,68154.82
"Columbus, GA-AL MSA",United States,18.710583,323768,57790.09
"Columbus, IN MSA",United States,8.668346,84003,103190.91
"Columbus, OH (Metropolitan Statistical Area)",United States,182.087631,2180271,83516.05
Communauté d'agglomération Nîmes Métropole,France,23.545,751840,31316.5
Communauté d'agglomération Pau Béarn Pyrénées,France,26.395,688474,38338.41
Constanța,Romania,10.936,668065,16369.66
Copenhagen metropolitan area,Denmark,188.321,2082710,90421.13
Córdoba,Argentina,60.282,2156788,27949.9
Córdoba metropolitan area,Spain,17.286,781186,22127.89
"Corpus Christi, TX MSA",United States,30.930920,448323,68992.49
"Corvallis, OR MSA",United States,6.035305,97713,61765.63
Coventry,United Kingdom,16.028,360702,44435.57
Craiova metropolitan area,Romania,7.065,615962,11469.86
"Crestview-Fort Walton Beach-Destin, FL MSA",United States,23.794720,304818,78062.06
"Cumberland, MD-WV MSA",United States,4.359585,94122,46318.45
Curitiba,Brazil,46.060,3654960,12602.05
Częstochowa metropolitan area,Poland,7.931,487392,16272.32
Daegu,South Korea,50.400,2750000,18327.27
Daejeon,South Korea,40.000,1540000,25974.03
Dalian[81],China,133.632,7542000,17718.38
"Dallas-Fort Worth-Arlington, TX (Metropolitan Statistical Area)",United States,744.654,7650000,97340.39
"Dalton, GA MSA",United States,9.271266,144722,64062.59
"Danville, IL MSA",United States,4.136523,72337,57184.06
"Daphne-Fairhope-Foley, AL MSA",United States,12.071468,253507,47617.89
Daqing[82],China,39.538,2681500,14744.73
Dar es Salaam,Tanzania,10.4,6450000,1612.4
Davao City,Philippines,9.6,1650000,5818.18
"Davenport-Moline-Rock Island, IA-IL MSA",United States,27.875132,379441,73463.68
"Dayton, OH MSA",United States,41.111,812595,50592.24
Debrecen,Hungary,7.085,524272,13513.98
"Decatur, AL MSA",United States,8.841158,158635,55732.71
"Decatur, IL MSA",United States,8.822934,100591,87710.97
"Deltona-Daytona Beach-Ormond Beach, FL MSA",United States,32.539529,721796,45081.34
Denpasar Metropolitan,Indonesia,9.941,1580000,6291.77
"Denver-Aurora-Lakewood, CO (Metropolitan Statistical Area)",United States,311.876352,3950000,78956.04
Derby,United Kingdom,12.633,266460,47410.49
"Des Moines-West Des Moines, IA MSA",United States,74.062506,737164,100469.51
"Detroit-Warren-Dearborn, MI (Metropolitan Statistical Area)",United States,331.333163,4342304,76303.54
Deyang,China,34.855,3456161,10084.89
Dijon Métropole,France,23.238,534164,43503.49
Dongying[88],China,60.487,2207150,27405.02
"Dothan, AL MSA",United States,9.099360,153349,59337.59
"Dover, DE MSA",United States,10.509748,189789,55375.96
Dresden,Germany,54.841,1339330,40946.59
Drummondville,Canada,4.14,104076,39778.62
Dubai-Sharjah-Ajman metropolitan area,United Arab Emirates,202.8,6176155,32835.96
"Dubuque, IA MSA",United States,9.017369,98887,91188.62
"Duluth, MN-WI MSA",United States,18.838611,281603,66897.76
Durban,South Africa,64.700,3525000,18354.61
Düren (district),Germany,10.032,265140,37836.61
"Durham-Chapel Hill, NC MSA",United States,70.305292,608879,115466.77
"East Stroudsburg, PA MSA",United States,9.215416,167198,55116.78
"Eau Claire, WI MSA",United States,11.674198,174873,66758.15
Edinburgh,United Kingdom,45.441,523250,86843.76
Edmonton Metropolitan Region,Canada,79.431,1516719,52370.28
Eindhoven,Netherlands,54.931,784390,70030.21
"El Centro, CA MSA",United States,13.483299,179057,75301.71
"El Paso, TX MSA",United States,48.609163,873331,55659.5
"Elizabethtown-Fort Knox, KY MSA",United States,8.182312,157026,52108.01
"Elkhart-Goshen, IN MSA",United States,20.857760,206409,101050.63
"Elmira, NY MSA",United States,4.544209,81325,55877.15
"Enid, OK MSA",United States,3.804621,62023,61342.1
Enschede,Netherlands,30.955,784390,39463.79
Erfurt,Germany,22.17,522968,42392.65
"Erie, PA MSA",United States,14.204975,267571,53088.62
"Eugene-Springfield, OR MSA",United States,22.550913,381181,59160.64
European Metropolis of Lille,France,101.652,2607879,38978.8
"Evansville, IN-KY MSA",United States,27.437679,314038,87370.57
Ezhou[92],China,18.834,1072500,17560.84
"Fairbanks, AK MSA",United States,7.198784,95356,75493.77
Faisalabad,Pakistan,43,3204704,13417.78
Fangchenggang[95][96],China,16.394,1050000,15613.33
"Fargo, ND-MN MSA",United States,20.535575,262620,78195.02
"Farmington, NM MSA",United States,6.822347,120675,56534.88
"Fayetteville, NC MSA",United States,28.205160,392336,71890.32
"Fayetteville-Springdale-Rogers, AR MSA",United States,40.776485,590337,69073.23
"Flagstaff, AZ MSA",United States,9.967529,144472,68992.81
Flensburg,Germany,11.963,292581,40887.82
"Flint, MI MSA",United States,19.151079,401522,47696.21
"Florence, SC MSA",United States,12.505628,199630,62644.03
"Florence-Muscle Shoals, AL MSA",United States,7.212666,155175,46480.85
"Fond du Lac, WI MSA",United States,6.451530,103948,62064.97
"Fort Collins, CO MSA",United States,26.974178,366778,73543.61
"Fort Smith, AR-OK MSA",United States,12.729594,231280,55039.75
"Fort Wayne, IN MSA",United States,30.231008,457842,66029.35
Fort-de-France,France,10.166,352205,28863.87
Fortaleza,Brazil,27.350,3615767,7564.09
Fredericton,Canada,5.159,116159,44413.26
Freiburg im Breisgau,Germany,33.292,662669,50239.26
"Fresno, CA MSA",United States,60.151259,1180020,50974.78
Fukuoka–Kitakyushu,Japan,182.952,4750000,38516.21
Fuzhou[100],China,199.907,8485000,23560.05
"Gadsden, AL MSA",United States,3.776967,103241,36583.98
"Gainesville, FL MSA",United States,21.823778,352126,61977.18
"Gainesville, GA MSA",United States,16.640845,217267,76591.68
Galati,Romania,5.204,495149,10509.97
Gdansk metropolitan area,Poland,28.126,1360005,20680.81
Geelong,Australia,8.725,271848,32095.14
George Town conurbation,Malaysia,30.2,2843344,10621.3
"Gettysburg, PA MSA",United States,4.739846,106748,44402.2
Ghent metropolitan area,Belgium,38.834,656665,59138.22
Gibraltar,Gibraltar,3.265,32688,99883.75
Giessen (region),Germany,12.676,271667,46660.07
Gladstone,Australia,4.464,45130,98914.25
Glasgow,United Kingdom,39.506,631970,62512.46
"Glens Falls, NY MSA",United States,8.717091,125427,69499.32
Goiânia,Brazil,22.490,2654860,8471.26
Gold Coast,Australia,26.669,679127,39269.53
"Goldsboro, NC MSA",United States,6.339867,118686,53417.14
Görlitz (district),Germany,9.233,250558,36849.75
Gothenburg,Sweden,104.765,1734443,60402.68
Granada metropolitan area,Spain,20.273,928381,21836.94
Grand Besançon Métropole,France,18.888,546224,34579.22
"Grand Forks, ND-MN MSA",United States,6.878157,103120,66700.51
Grand Genève,Switzerland,61.752,506343,121956.86
"Grand Island, NE MSA",United States,5.979384,76479,78183.34
"Grand Junction, CO MSA",United States,9.147468,159681,57285.89
Grand Poitiers communauté urbaine,France,15.197,439635,34567.31
"Grand Rapids-Kentwood, MI MSA",United States,82.311400,1094198,75225.32
Grand Reims,France,24.109,563998,42746.61
"Grants Pass, OR MSA",United States,3.877152,87821,44148.35
Graz,Austria,35.891,646099,55550.31
"Great Falls, MT MSA",United States,5.345805,84900,62965.9
Greater Buenos Aires,Argentina,489.923,16700000,29336.71
Greater Cairo,Egypt,190.200,21500000,8846.51
Dhaka,Bangladesh,285.1,21300000,13384.98
Greater Dublin Area,Ireland,272.454,2160781,126090.52
Greater Helsinki,Finland,125.166,1500000,83444.0
Manchester(Greater Manchester),United Kingdom,137.029,2948633,46472.04
Greater Manila Area,Philippines,162.3,26400000,6147.73
Greater Mexico City,Mexico,340.800,24700000,13797.57
Greater Montreal,Canada,214.744,4378796,49041.79
Greater Oslo Region,Norway,83.936,697010,120422.95
Greater São Paulo,Brazil,339.63,23000000,14766.52
Greater Stavanger,Norway,37.352,482645,77390.21
Greater Sudbury,Canada,9.355,175357,53348.31
Greater Tokyo Area,Japan,"2,094.000",41000000,51073.17
Greater Toronto Area,Canada,435.227,7507460,57972.6
Greater Vancouver,Canada,155.552,2842730,54719.23
"Greeley, CO MSA",United States,28.181144,359442,78402.48
"Green Bay, WI MSA",United States,26.276686,331882,79174.79
"Greensboro-High Point, NC MSA",United States,52.925956,789842,67008.28
"Greenville, NC MSA",United States,11.865912,175119,67759.14
"Greenville-Anderson, SC MSA",United States,63.357431,958958,66069.04
Grenoble metropolitan area,France,53.016,1280557,41400.73
Groningen,Netherlands,26.587,451098,58938.41
Guadalajara,Mexico,65.800,5750000,11443.48
Shenzhen,China,557.32,17889800,31152.95
Guangzhou,China,436,18902500,23065.73
Tianjin[123],China,253.090,13640000,18554.99
Suzhou[124],China,375.290,12972500,28929.66
Ningbo[125],China,254.823,9737000,26170.59
Foshan[126],China,187.622,9657150,19428.3
Nantong[127],China,174.423,7749250,22508.37
Dongguan[128],China,172.461,10528050,16381.1
Changzhou[129],China,151.840,5380500,28220.43
Guelph,Canada,9.897,172400,57407.19
Guiyang,China,62.511,3300000,18942.73
Gujranwala,Pakistan,15.681,5011066,3129.27
"Gulfport-Biloxi, MS MSA",United States,24.668587,421916,58468.01
Gwangju,South Korea,36.000,1630000,22085.89
"Hagerstown-Martinsburg, MD-WV MSA",United States,15.286099,305902,49970.58
Haifa,Israel,25.082,1050000,23887.62
Haixi Prefecture[135],China,11.906,472050,25221.9
"Halifax, Nova Scotia",Canada,23.284,480582,48449.59
Hamamatsu,Japan,54.3,800866,67801.6
Hamburg Metropolitan Region,Germany,212.324,3353084,63322.0
Hami[139],China,15.227,668750,22769.35
"Hammond, LA MSA",United States,6.219912,138064,45050.93
"Hanford-Corcoran, CA MSA",United States,8.873931,152682,58120.35
Hangzhou[140],China,306.949,12573000,24413.35
Hannover–Braunschweig–Göttingen–Wolfsburg Metropolitan Region,Germany,199.167,3900000,51068.46
Hanoi,Vietnam,58,7150000,8111.89
Harbin,China,94.1,10009854,9400.74
"Harrisburg-Carlisle, PA MSA",United States,50.902418,606055,83989.77
"Harrisonburg, VA MSA",United States,10.348301,137650,75178.36
"Hartford-East Hartford-Middletown, CT (Metropolitan Statistical Area)",United States,122.805302,1221725,100517.96
"Hattiesburg, MS MSA",United States,8.700243,155740,55863.89
Hefei[citation needed],China,189.670,9927500,19105.51
Heidelberg,Germany,36.776,706974,52018.89
"Hickory-Lenoir-Morganton, NC MSA",United States,19.612987,367802,53324.85
"Hilton Head Island-Bluffton, SC MSA",United States,14.360798,228410,62872.9
"Hinesville, GA MSA",United States,5.154740,88804,58046.26
Hiroshima,Japan,61.3,2860750,21427.95
Ho Chi Minh City metropolitan area,Vietnam,96.399,10900000,8843.94
Hobart,Australia,11.388,218874,52029.94
Hohhot[147],China,57.670,3621750,15923.24
"Homosassa Springs, FL MSA",United States,6.430594,166696,38576.77
Hong Kong,China,428.233,7533000,56847.6
"Hot Springs, AR MSA",United States,4.606197,99784,46161.68
"Houma-Thibodaux, LA MSA",United States,12.215010,200656,60875.38
"Houston-The Woodlands-Sugar Land, TX (Metropolitan Statistical Area)",United States,696.999,7050000,98865.11
Hsinchu,Taiwan,11.980,448207,26728.72
Huai'an[151],China,76.007,4538300,16747.9
Huizhou[152],China,86.165,6095100,14136.77
"Huntington-Ashland, WV-KY-OH MSA",United States,19.176990,368261,52074.45
"Huntsville, AL MSA",United States,42.815938,527254,81205.53
Huzhou[153],China,59.163,3452000,17138.76
Hyderabad,India,83.5,11100000,7522.52
Iași,Romania,9.928,794752,12491.95
"Idaho Falls, ID MSA",United States,11.962936,168322,71071.73
"Indianapolis-Carmel-Anderson, IN (Metropolitan Statistical Area)",United States,199.197977,2100000,94856.18
Indore,India,8.1,3175000,2551.18
Innsbruck,Austria,17.489,312757,55918.81
"Iowa City, IA MSA",United States,13.602212,180088,75530.92
Iserlohn,Germany,18.657,408662,45653.87
Istanbul metropolitan area,Turkey,396.3,15900000,24924.53
"Ithaca, NY MSA",United States,7.388818,103558,71349.56
İzmir,Turkey,86,3025000,28429.75
"Jackson, MI MSA",United States,8.588193,159424,53870.14
"Jackson, MS MSA",United States,37.054502,610257,60719.5
"Jackson, TN MSA",United States,11.474534,181826,63107.22
"Jacksonville, FL (Metropolitan Statistical Area)",United States,129.094522,1713240,75351.1
"Jacksonville, NC MSA",United States,11.858614,213676,55498.11
Jaipur,India,15,4050000,3703.7
Jakarta metropolitan area,Indonesia,338.836,28900000,11724.43
"Janesville-Beloit, WI MSA",United States,10.503232,164278,63935.72
Jeddah,Saudi Arabia,138.970,5300000,26220.75
"Jefferson City, MO MSA",United States,10.722699,150733,71137.04
Jerusalem,Israel,48.0,1008400,47600.16
Jiaxing[167],China,106.288,5596000,18993.57
Jiayuguan[168],China,4.351,315050,13810.51
Jinan[169],China,189.949,9475850,20045.59
Jinchang[170],China,7.088,433500,16350.63
Beijing,China,748.0,21830000,34264.77
Jingmen,China,27.640,2596927,10643.35
Jiujiang,China,46.981,4600276,10212.65
Johannesburg,South Africa,134.682,8400042,16033.49
"Johnson City, TN MSA",United States,10.758069,210223,51174.56
"Johnstown, PA MSA",United States,6.068733,130668,46443.91
"Jonesboro, AR MSA",United States,7.875673,136390,57743.77
"Joplin, MO MSA",United States,9.860195,184086,53562.98
Jundiaí,Brazil,22.010,706000,31175.64
Kabul,Afghanistan,6.000,5050000,1188.12
Kagoshima,Japan,53.0,1588256,33369.94
"Kahului-Wailuku-Lahaina, HI MSA",United States,12.299263,164351,74835.34
Kaiserslautern,Germany,10.428,276087,37770.7
"Kalamazoo-Portage, MI MSA",United States,20.316132,262215,77478.91
Kamloops,Canada,5.885,119408,49284.81
"Kankakee, IL MSA",United States,8.725053,105940,82358.44
"Kansas City, MO-KS (Metropolitan Statistical Area)",United States,185.746211,2221343,83618.88
Kaohsiung,Taiwan,58.071,2775000,20926.49
Karachi,Pakistan,176.2,18600000,9473.12
Karamay[181],China,18.633,490950,37952.95
Karlsruhe,Germany,47.243,755288,62549.65
Kassel,Germany,21.388,438055,48824.92
Katowice-Ostrava metropolitan area[note 1],Czech Republic,88.791,4410354,20132.4
Kaunas urban area,Lithuania,11.69021,565628,20667.66
Kelowna,Canada,10.444,235473,44353.28
"Kennewick-Richland, WA MSA",United States,21.082419,314253,67087.41
Kiel,Germany,29.003,650719,44570.7
Kielce,Poland,10.378,708766,14642.35
"Killeen-Temple, TX MSA",United States,26.667324,501333,53192.84
Kingston upon Hull,United Kingdom,10.325,271942,37967.65
"Kingsport-Bristol, TN-VA MSA",United States,18.326336,313025,58545.92
"Kingston, NY MSA",United States,9.905383,182333,54325.78
"Kingston, Ontario",Canada,8.252,180070,45826.62
"Kitchener, Ontario",Canada,30.943,622497,49707.87
"Knoxville, TN MSA",United States,64.382649,946264,68038.78
Koblenz,Germany,18.782,328174,57231.83
"Kokomo, IN MSA",United States,5.473566,83831,65292.86
Kolkata,India,220,17700000,12429.38
"Konstanz, metropolitan area",Germany,13.141,286876,45807.25
Košice,Slovakia,13.994,780288,17934.4
Kraków metropolitan area,Poland,33.993,1533641,22164.9
Greater Kuala Lumpur,Malaysia,159.603,9100000,17538.79
Kumamoto,Japan,39.8,1817426,21899.1
Kunming,China,97.628,4250000,22971.29
Kuwait City,Kuwait,118.000,4750000,24842.11
Kyiv,Ukraine,27.5,3475000,7913.67
Kyoto–Osaka–Kobe,Japan,578.830,17700000,32702.26
"La Crosse-Onalaska, WI-MN MSA",United States,10.146203,170238,59600.11
"Lafayette, LA MSA",United States,27.687065,414288,66830.48
"Lafayette-West Lafayette, IN MSA",United States,14.979052,226564,66114.0
Lagos metropolitan area,Nigeria,102.010,20100000,5075.12
Lahore,Pakistan,87.000,13900000,6258.99
"Lake Charles, LA MSA",United States,19.707364,239113,82418.62
"Lake Havasu City-Kingman, AZ MSA",United States,8.845478,223682,39544.88
"Lakeland-Winter Haven, FL MSA",United States,41.081699,818330,50201.87
"Lancaster, PA MSA",United States,38.970487,558589,69765.94
"Lansing-East Lansing, MI MSA",United States,35.439859,473177,74897.68
"Laredo, TX MSA",United States,16.186701,269148,60140.52
"Las Cruces, NM MSA",United States,10.565364,225210,46913.39
Las Palmas metropolitan area,Spain,19.588,873411,22427.01
"Las Vegas-Henderson-Paradise, NV (Metropolitan Statistical Area)",United States,178.388313,2375000,75110.87
Launceston,Australia,3.961,89532,44241.17
Lausanne metropolitan area,Switzerland,68.982,814762,84665.22
"Lawrence, KS MSA",United States,6.741959,120553,55925.27
"Lawton, OK MSA",United States,6.838293,127001,53844.4
Le Mans Métropole,France,18.444,565314,32626.12
"Lebanon, PA MSA",United States,7.912272,144252,54850.35
Leeds(West Yorkshire),United Kingdom,48.918,829413,58979.06
Leeuwarden metropolitan area,Netherlands,13.311,321562,41394.82
Leicester,United Kingdom,14.230,379780,37469.06
Leiden,Netherlands,20.721,431595,48010.29
Les Abymes,France,11.045,407810,27083.69
Lethbridge,Canada,5.968,133064,44850.6
"Lewiston, ID-WA MSA",United States,3.915782,65536,59750.09
"Lewiston-Auburn, ME MSA",United States,6.750171,113765,59334.34
"Lexington-Fayette, KY MSA",United States,38.612656,520045,74248.68
Lhasa[192],China,13.902,871800,15946.32
Lianyungang[193],China,65.478,4587850,14272.04
Liège,Belgium,30.383,826237,36772.74
Lima metropolitan area,Peru,114.400,11600000,9862.07
"Lima, OH MSA",United States,11.599931,100838,115035.31
Limoges metropolitan area,France,13.327,370651,35955.66
"Lincoln, NE MSA",United States,27.995268,344387,81290.14
Linz,Austria,48.98,808545,60577.95
Lisbon metropolitan area,Portugal,163.61,3023627,54110.51
"Little Rock-North Little Rock-Conway, AR MSA",United States,51.199275,764045,67010.81
Liuzhou,China,46.060,2000000,23030.0
Liverpool(Merseyside),United Kingdom,61.200,1586149,38584.02
Ljubljana,Slovenia,23.092,555213,41591.25
Łódź metropolitan area,Poland,21.78,1054668,20651.05
"Logan, UT-ID MSA",United States,8.907030,157887,56413.95
London,United Kingdom,768.036,9016100,85184.95
"London, Ontario",Canada,25.101,574238,43711.84
"Longview, TX MSA",United States,20.024488,293498,68227.0
"Longview, WA MSA",United States,7.096628,111956,63387.65
Longyan[194],China,48.004,2690500,17842.04
"Los Angeles-Long Beach-Anaheim, CA (Metropolitan Statistical Area)",United States,"1,295.361403",12799100,101207.23
"Louisville/Jefferson County, KY-IN (Metropolitan Statistical Area)",United States,97.751023,1365557,71583.26
"Lubbock, TX MSA",United States,19.655310,360104,54582.32
Lublin,Poland,11.549,687985,16786.7
Lucerne,Switzerland,36.359,459867,79064.16
Lucknow,India,3.83,4000000,957.5
Luton,United Kingdom,9.522,231028,41215.78
Luoyang,China,74.352,2550000,29157.65
Luxembourg metropolitan area,Luxembourg,81.642,645397,126498.88
"Lynchburg, VA MSA",United States,13.511861,264590,51067.16
Maanshan[citation needed],China,39.101,2196000,17805.56
Macao,China,52.379,699000,74934.19
Mackay,Australia,6.540,80148,81599.04
"Macon-Bibb County, GA MSA",United States,13.337109,236074,56495.46
"Madera, CA MSA",United States,8.025001,160256,50076.13
"Madison, WI MSA",United States,66.115608,694345,95220.11
Madrid Metropolitan Area,Spain,280.939,6755828,41584.69
Magdeburg,Germany,20.238,495745,40823.41
Makassar Metropolitan,Indonesia,17.052,1920000,8881.25
Málaga metropolitan area,Spain,36.399,1696463,21455.82
Malmö,Sweden,73.741,1389336,53076.43
Manado Metropolitan,Indonesia,5.487,1008126,5442.77
Manaus,Brazil,26.450,2676936,9880.7
"Manchester-Nashua, NH MSA",United States,36.596890,427354,85636.01
"Manhattan, KS MSA",United States,8.802533,132831,66268.66
Mangaluru,India,9.49,623841,15212.21
"Mankato, MN MSA",United States,7.182368,104248,68896.94
Maribor,Slovenia,7.613,327998,23210.51
"Mansfield, OH MSA",United States,5.920097,125064,47336.54
Mataram Metropolitan,Indonesia,5.491,3808908,1441.62
"McAllen-Edinburg-Mission, TX MSA",United States,30.225234,898471,33640.75
Medan Metropolitan,Indonesia,28.248,4075000,6932.02
Medellín,Colombia,35.000,4225000,8284.02
"Medford, OR MSA",United States,12.853288,220768,58220.79
Melbourne,Australia,318.677,5050000,63104.36
"Memphis, TN-MS-AR (Metropolitan Statistical Area)",United States,102.934012,1335674,77065.22
"Merced, CA MSA",United States,12.214481,291920,41841.88
Métropole du Grand Nancy,France,24.649,732085,33669.59
Métropole Nice Côte d'Azur,France,46.825,1101039,42528.01
Métropole Rouen Normandie,France,50.939,1254203,40614.64
Metropolis of Lyon,France,115.084,1899599,60583.31
Metropolitan Area of Bogotá,Colombia,121.800,10200000,11941.18
Metropolitan City of Bari,Italy,33.945,1230819,27579.2
Metropolitan City of Cagliari,Italy,14.262,421488,33837.26
Metropolitan City of Catania,Italy,24.86,1074089,23145.2
Metropolitan City of Florence,Italy,45.934,998431,46006.18
Metropolitan City of Genoa,Italy,34.345,823612,41700.46
Metropolitan City of Messina,Italy,13.702,603980,22686.18
Metropolitan City of Palermo,Italy,28.834,1208819,23853.03
Metropolitan City of Venice,Italy,31.306,843545,37112.42
Metropolitan Cork,Ireland,136.816,719187,190237.03
"Miami-Fort Lauderdale-West Palm Beach, FL (Metropolitan Statistical Area)",United States,533.674,6300000,84710.16
"Michigan City-La Porte, IN MSA",United States,5.676096,111706,50812.81
"Midland, MI MSA",United States,7.636137,84039,90864.21
"Midland, TX MSA",United States,53.664570,182324,294336.29
Milan metropolitan area,Italy,384.897,4964255,77533.69
Milton Keynes,United Kingdom,22.240,298270,74563.32
"Milwaukee-Waukesha-West Allis, WI (Metropolitan Statistical Area)",United States,130.856689,1560424,83859.7
"Minneapolis-St. Paul-Bloomington, MN-WI (Metropolitan Statistical Area)",United States,350.710,3712020,94479.56
Minsk,Belarus,19.913,2050000,9713.66
Miskolc metropolitan area,Hungary,7.787,626477,12429.83
"Missoula, MT MSA",United States,8.201713,126939,64611.45
"Mobile, AL MSA",United States,29.553574,411640,71794.71
"Modesto, CA MSA",United States,30.597632,551430,55487.79
Monaco,Monaco,6.816,39150,174099.62
Moncton,Canada,7.467,171608,43511.96
"Monroe, LA MSA",United States,10.276428,221885,46314.21
"Monroe, MI MSA",United States,7.956412,155045,51316.79
Monterrey,Mexico,140,5324281,26294.63
Montevideo,Uruguay,53.9,1870000,28823.53
"Montgomery, AL MSA",United States,24.065840,385480,62430.84
Montpellier Méditerranée Métropole,France,45.4,1203899,37710.8
"Morgantown, WV MSA",United States,10.070965,141817,71013.81
"Morristown, TN MSA",United States,7.387094,124054,59547.41
Moscow metropolitan area,Russia,504.808,17400000,29011.95
"Mount Vernon-Anacortes, WA MSA",United States,8.858346,131417,67406.39
Mulhouse Alsace Agglomération,France,27.137,767736,35346.79
Multan,Pakistan,12.000,2225000,5393.26
Mumbai,India,368,27100000,13579.34
"Muncie, IN MSA",United States,5.333469,112321,47484.17
Munich Metropolitan Region,Germany,380.477,6300000,60393.17
Münster (region),Germany,30.813,537115,57367.6
Murcia metropolitan area,Spain,38.697,1513076,25575.05
"Muskegon, MI MSA",United States,8.004713,176565,45335.79
"Myrtle Beach-Conway-North Myrtle Beach, SC-NC MSA",United States,27.945154,536165,52120.44
Nagoya,Japan,379.301,10500000,36123.9
Nagpur,India,19,3375000,5629.63
Nairobi,Kenya,30,6550000,4580.15
Namur metropolitan area,Belgium,11.973,321698,37218.14
Nanaimo,Canada,4.89,120165,40694.05
Nanchang[175][176],China,109.530,6619300,16547.07
Nanjing[215],China,259.781,9562000,27168.06
Nanning,China,54.299,7765411,6992.42
Nanping,China,29.104,2680645,10857.09
Nantes,France,64.853,1461267,44381.35
"Napa, CA MSA",United States,14.227116,133216,106797.35
Naples metropolitan area,Italy,72.215,2986745,24178.5
"Naples-Marco Island, FL MSA",United States,31.526854,404310,77976.93
"Nashville-Davidson—Murfreesboro—Franklin, TN (Metropolitan Statistical Area)",United States,204.861124,2102573,97433.54
National Capital Region (Delhi),India,521.5,33400000,15613.77
Natal,Brazil,9.620,1647414,5839.46
Neubrandenburg,Germany,9.386,258057,36371.81
"New Bern, NC MSA",United States,7.196683,122488,58754.19
"New Haven-Milford, CT MSA",United States,65.232142,869527,75020.26
"New Orleans-Metairie, LA (Metropolitan Statistical Area)",United States,102.436589,962165,106464.68
"New York-Newark-Jersey City, NY-NJ-PA (Metropolitan Statistical Area)",United States,"2,298.868394",19617869,117182.37
Newcastle,Australia,11.554,492805,23445.38
Nicosia,Cyprus,29.251,904705,32332.09
Niigata,Japan,43.3,2374450,18235.8
"Niles, MI MSA",United States,9.484269,152261,62289.55
Ningde[226],China,54.790,3162000,17327.64
"North Port-Sarasota-Bradenton, FL MSA",United States,56.607597,891411,63503.36
Northwest Metropolitan Region,Germany,123.046,2800000,43945.0
"Norwich-New London, CT MSA",United States,23.909840,268681,88989.69
Nottingham,United Kingdom,17.547,329276,53289.64
Nuremberg Metropolitan Region,Germany,175.859,3611000,48700.91
Nyingchi,China,2.774,238936,11609.8
"Ocala, FL MSA",United States,15.982712,409959,38986.12
"Ocean City, NJ MSA",United States,7.772540,95634,81273.81
Odense,Denmark,24.15,501782,48128.47
"Odessa, TX MSA",United States,15.658079,164494,95189.36
Offenburg,Germany,22.355,432580,51678.3
"Ogden-Clearfield, UT MSA",United States,43.646961,713839,61143.98
Okayama,Japan,63.1,1945276,32437.56
"Oklahoma City, OK (Metropolitan Statistical Area)",United States,100.054101,1477926,67698.99
Olsztyn metropolitan area,Poland,8.47,573199,14776.72
"Olympia-Lacey-Tumwater, WA MSA",United States,19.969972,299003,66788.53
"Omaha-Council Bluffs, NE-IA MSA",United States,92.356612,976671,94562.66
Opole,Poland,10.023,567836,17651.22
Orange,Australia,3.204,40493,79124.79
Ordos[230][38],China,89.347,2230400,40058.73
"Orlando-Kissimmee-Sanford, FL (Metropolitan Statistical Area)",United States,217.038119,2817933,77020.33
Orléans,France,27.275,684609,39840.26
Oshawa,Canada,12.576,447079,28129.26
"Oshkosh-Neenah, WI MSA",United States,13.408456,171735,78076.43
Osnabrück,Germany,24.507,523694,46796.41
Ottawa–Gatineau,Canada,81.306,1498610,54254.28
"Owensboro, KY MSA",United States,7.142735,112512,63484.21
"Oxnard-Thousand Oaks-Ventura, CA MSA",United States,65.991334,829590,79546.93
Padang Metropolitan,Indonesia,6.213,1441760,4309.32
Paderborn,Germany,14.071,308335,45635.43
Padua metropolitan area,Italy,39.575,932629,42433.81
Palembang Metropolitan,Indonesia,16.561,1740000,9517.82
"Palm Bay-Melbourne-Titusville, FL MSA",United States,39.591386,643979,61479.31
Palma de Mallorca metropolitan area,Spain,28.808,948004,30388.06
Pamplona metropolitan area,Spain,24.268,519091,46750.96
"Panama City, FL MSA",United States,12.731669,185134,68770.02
Panjin[233],China,19.848,1379460,14388.24
Panzhihua[234],China,19.591,1220500,16051.62
Paris(Metropolitan area),France,930.808,11500000,80939.83
"Parkersburg-Vienna, WV MSA",United States,4.711556,88052,53508.79
Parma,Italy,22.51,449628,50063.61
Patna,India,31.2384,2850000,10960.84
Pécs,Hungary,4.561,354341,12871.78
Pekanbaru Metropolitan,Indonesia,25.279,1250000,20223.2
"Pensacola-Ferry Pass-Brent, FL MSA",United States,29.977030,530090,56550.83
"Peoria, IL MSA",United States,27.879142,362240,76963.18
Perpignan Méditerranée Métropole,France,14.49,483558,29965.38
Perth,Australia,111.056,2087086,53211.03
Perugia metropolitan area,Italy,20.729,645506,32112.79
Peterborough,United Kingdom,10.905,219509,49679.06
"Peterborough, Ontario",Canada,4.601,135005,34080.22
Pforzheim,Germany,14.229,325768,43678.32
"Philadelphia-Camden-Wilmington, PA-NJ-DE-MD (Metropolitan Statistical Area)",United States,557.601,6246160,89271.01
"Phoenix-Mesa-Scottsdale, AZ (Metropolitan Statistical Area)",United States,398.129,4900000,81250.82
"Pine Bluff, AR MSA",United States,4.146574,84629,48997.08
"Pittsburgh, PA (Metropolitan Statistical Area)",United States,194.229253,2422725,80169.75
"Pittsfield, MA MSA",United States,8.955924,126818,70620.29
Ploiești,Romania,10.458,703368,14868.46
Plovdiv,Bulgaria,6.266,666398,9402.79
Plymouth,United Kingdom,10.178,268736,37873.6
Plzeň,Czech Republic,14.003,578707,24197.05
"Pocatello, ID MSA",United States,4.569769,90400,50550.54
"Port St. Lucie, FL MSA",United States,27.153067,536901,50573.69
"Portland-South Portland, ME MSA",United States,48.037136,566329,84821.96
"Portland-Vancouver-Hillsboro, OR-WA (Metropolitan Statistical Area)",United States,218.894399,2508050,87276.73
Porto Alegre,Brazil,49.880,4405769,11321.52
Porto metropolitan area,Portugal,41.257,1740117,23709.33
Portsmouth-SouthamptonMetropolitan area,United Kingdom,24.375,466407,52261.22
Poznań metropolitan area,Poland,33.828,1241984,27237.07
Prague metropolitan area,Czech Republic,115.803,2662230,43498.5
Prato,Italy,9.743,265269,36728.75
"Prescott Valley–Prescott, AZ MSA",United States,6.111,249081,24534.19
Pretoria,South Africa,56.286,7426673,7578.9
"Providence-Warwick, RI-MA (Metropolitan Statistical Area)",United States,111.839552,1677803,66658.33
"Provo-Orem, UT MSA",United States,45.033143,715001,62983.33
Puebla,Mexico,31.102,3903485,7967.75
"Pueblo, CO MSA",United States,8.576776,169422,50623.74
Pune,India,69,9429408,7317.53
"Punta Gorda, FL MSA",United States,8.701074,206134,42210.77
Putian[245],China,48.342,3185500,15175.64
Qingdao[246],China,234.768,10407000,22558.66
Quanzhou[247],China,183.873,8898500,20663.37
Quebec City,Canada,45.363,848776,53445.2
Quito,Ecuador,33.900,2875000,11791.3
Quzhou[249],China,31.774,2298000,13826.81
"Racine, WI MSA",United States,10.914885,195846,55731.98
Radom County,Poland,7.487,574281,13037.17
"Raleigh, NC (Metropolitan Statistical Area)",United States,133.081325,1509231,88178.23
"Rapid City, SD MSA",United States,9.425612,155974,60430.66
"Reading, PA MSA",United States,25.974930,432821,60013.1
Recife,Brazil,28.660,3743854,7655.21
"Red Deer, Alberta",Canada,4.727,107073,44147.45
"Redding, CA MSA",United States,11.047068,180366,61248.06
Regensburg,Germany,27.946,469935,59467.8
Reggio Emilia metropolitan area,Italy,24.022,527140,45570.44
"Regina, Saskatchewan",Canada,17.596,268804,65460.34
Rennes Métropole,France,47.189,1098420,42960.8
"Reno, NV MSA",United States,43.148385,564782,76398.3
Frankfurt Rhine-Main Metropolitan Region,Germany,316.017,5800000,54485.69
Rhine-Neckar Metropolitan Region,Germany,117.201,2458595,47669.91
Rhine-Ruhr Metropolitan Region,Germany,681.235,5650000,120572.57
"Richmond, VA (Metropolitan Statistical Area)",United States,116.959541,1349732,86653.9
Riga metropolitan area,Latvia,27.156,993600,27330.92
Rio de Janeiro metropolitan area,Brazil,171.800,13300000,12917.29
"Riverside-San Bernardino-Ontario, CA (Metropolitan Statistical Area)",United States,256.859082,4688053,54790.14
Riyadh,Saudi Arabia,243.793,8800000,27703.75
"Roanoke, VA MSA",United States,21.742564,314314,69174.66
"Rochester, MN MSA",United States,17.948981,229077,78353.48
"Rochester, NY MSA",United States,78.469076,1052087,74584.21
"Rockford, IL MSA",United States,19.712066,334124,58996.26
Rockhampton,Australia,5.342,78592,67971.29
"Rocky Mount, NC MSA",United States,8.732690,145383,60066.79
Rome metropolitan area,Italy,240.731,4231451,56890.89
"Rome, GA MSA",United States,5.449843,100113,54436.92
Rostock,Germany,17.49,426133,41043.52
Rotterdam,Netherlands,112.578,1834417,61369.91
Rzeszów,Poland,9.797,615954,15905.41
Saarbrücken,Germany,36.421,794062,45866.7
"Sacramento—Roseville—Arden-Arcade, CA (Metropolitan Statistical Area)",United States,189.624282,2420608,78337.46
"Saginaw, MI MSA",United States,10.801688,187782,57522.49
"Saguenay, Quebec",Canada,8.746,165185,52946.7
"Saint John, New Brunswick",Canada,6.017,135622,44365.96
Saint Petersburg,Russia,128.000,5650000,22654.87
Saint-Étienne Métropole,France,26.794,766473,34957.53
"Salem, OR MSA",United States,25.733543,436546,58948.07
"Salinas, CA MSA",United States,36.861463,430723,85580.44
"Salisbury, MD-DE MSA",United States,30.830418,439032,70223.62
"Salt Lake City, UT (Metropolitan Statistical Area)",United States,147.519150,1266191,116506.24
Salvador,Brazil,31.360,3600000,8711.11
Salzburg,Austria,26.129,371032,70422.5
"San Angelo, TX MSA",United States,9.613209,120606,79707.55
"San Antonio-New Braunfels, TX (Metropolitan Statistical Area)",United States,182.139043,2703999,67359.14
"San Diego-Carlsbad, CA (Metropolitan Statistical Area)",United States,314.943175,3269973,96313.69
San Francisco Bay Area (nine-county area),United States,"1,201.695",6512728,184514.85
San Juan,Puerto Rico,45.461,1920000,23677.6
"San Jose-Sunnyvale-Santa Clara, CA (Metropolitan Statistical Area)",United States,422.817456,1945767,217301.18
"San Luis Obispo-Paso Robles, CA MSA",United States,22.753294,281639,80788.86
San Marino,San Marino,2.241,34000,65911.76
Gipuzkoa,Spain,28.194,716279,39361.76
Sanmenxia,China,21.033,2034872,10336.28
Sanming[260],China,41.043,2424000,16931.93
Santa Cruz de Tenerife metropolitan area,Spain,22.093,972167,22725.52
"Santa Cruz-Watsonville, CA MSA",United States,20.186709,261547,77181.96
"Santa Fe, NM MSA",United States,9.278913,155956,59496.99
"Santa Maria-Santa Barbara, CA MSA",United States,38.512465,441257,87278.99
"Santa Rosa-Petaluma, CA MSA",United States,38.453328,481812,79809.82
Santander metropolitan area,Spain,16.584,583655,28414.05
Santiago Metropolitan Region,Chile,128.800,8050000,16000.0
Santiago de Cali,Colombia,22.100,2925000,7555.56
Santiago de los Caballeros,Dominican Republic,8.1,698000,11604.58
Santo Domingo,Dominican Republic,37.5,4175000,8982.04
Santos,Brazil,18.910,1556718,12147.35
São José dos Campos,Brazil,37.100,2528354,14673.58
São Luís,Brazil,9.540,329058,28991.85
Sapporo,Japan,84.7,1913545,44263.4
Saskatoon,Canada,20.373,347536,58621.27
"Savannah, GA MSA",United States,32.395522,424935,76236.42
Schweinfurt,Germany,13.794,272140,50687.15
"Scranton–Wilkes-Barre, PA MSA",United States,34.511287,569413,60608.53
"Seattle-Tacoma-Bellevue, WA (Metropolitan Statistical Area)",United States,566.742,4475000,126646.26
"Sebastian-Vero Beach, FL MSA",United States,10.207144,167352,60992.06
"Sebring-Avon Park, FL MSA",United States,3.583095,105618,33925.04
Semarang Metropolitan,Indonesia,26.057,2275000,11453.63
Sendai,Japan,50,1082159,46203.93
Seoul Metropolitan Area,South Korea,"1,006.400",25100000,40095.62
Seville metropolitan area,Spain,48.086,1960919,24522.18
Shanghai,China,814.1,24838550,32775.67
Shantou,China,34.8,5502031,6324.94
Shaoxing[275],China,117.508,5411500,21714.5
"Sheboygan, WI MSA",United States,8.738603,117752,74211.93
Sheffield,United Kingdom,23.701,573252,41344.82
Shenyang[276],China,126.755,9223500,13742.61
Sherbrooke,Canada,8.583,231055,37147.0
"Sherman-Denison, TX MSA",United States,7.289716,146907,49621.3
Shijiazhuang,China,81.252,11235086,7231.99
Shizuishan,China,7.853,751389,10451.31
Shizuoka,Japan,45.8,3765007,12164.65
"Shreveport-Bossier City, LA MSA",United States,27.913122,384943,72512.35
Shuozhou,China,15.955,1593444,10012.9
Siegen,Germany,17.665,404578,43662.78
"Sierra Vista-Douglas, AZ MSA",United States,6.080882,124640,48787.56
Singapore,Singapore,574.185,6077000,94484.94
"Sioux City, IA-NE-SD MSA",United States,11.978474,144402,82952.27
"Sioux Falls, SD MSA",United States,30.084975,289592,103887.45
Sofia metropolitan area,Bulgaria,39.335,1667314,23591.84
Sorocaba,Brazil,29.000,779704,37193.6
"South Bend-Mishawaka, IN-MI MSA",United States,20.547790,324490,63323.34
"Spartanburg, SC MSA",United States,21.159577,383327,55199.81
"Split, Croatia",Croatia,6.115,423085,14453.36
"Spokane-Spokane Valley, WA MSA",United States,39.735793,600292,66194.11
"Springfield, IL MSA",United States,14.899178,205445,72521.49
"Springfield, MA MSA",United States,42.356150,460291,92020.37
"Springfield, MO MSA",United States,28.577385,491053,58196.13
"Springfield, OH MSA",United States,5.909466,134610,43900.65
St. Catharines–Niagara Falls,Canada,15.642,450501,34721.34
"St. Cloud, MN MSA",United States,14.190740,202577,70051.09
"St. George, UT MSA",United States,10.742891,197730,54331.11
"St. John's, Newfoundland and Labrador",Canada,11.197,219119,51100.09
"St. Joseph, MO-KS MSA",United States,7.528526,118475,63545.27
"St. Louis, MO-IL (Metropolitan Statistical Area)",United States,226.548910,2796999,80997.14
"State College, PA MSA",United States,10.952214,157795,69407.86
"Staunton, VA MSA",United States,6.760948,126776,53329.87
Stockholm metropolitan area,Sweden,202.56,2391990,84682.63
"Stockton, CA MSA",United States,42.836031,793229,54002.1
Stoke-on-Trent,United Kingdom,9.701,263157,36863.93
Strasbourg,France,48.99,1150899,42566.72
Stuttgart Metropolitan Region,Germany,311.132,5506959,56497.97
"Sumter, SC MSA",United States,6.599335,104165,63354.63
Sunderland,United Kingdom,11.133,281058,39611.04
Sunshine Coast,Australia,13.813,333436,41426.24
Surabaya Metropolitan,Indonesia,88.821,6150000,14442.44
Surat,India,59.8,6600000,9060.61
Swansea,United Kingdom,9.084,246742,36815.78
Sydney,Australia,398.037,5400000,73710.56
"Syracuse, NY MSA",United States,51.191017,652956,78398.88
Szczecin metropolitan area,Poland,8.483,392527,21611.25
Székesfehérvár District,Hungary,7.904,418555,18884.02
Taichung,Taiwan,63.910,3033840,21065.71
Tainan,Taiwan,37.038,1875076,19752.8
Taipei–Keelung metropolitan area,Taiwan,407.838,9150000,44572.46
Taiyuan[289],China,76.090,5479700,13885.8
Taizhou[290],China,98.585,4490500,21954.13
"Taizhou, Zhejiang[291]",China,93.466,6720500,13907.6
"Tallahassee, FL MSA",United States,24.529748,392645,62473.09
Tallinn metropolitan area,Estonia,22.83,614561,37148.47
"Tampa-St. Petersburg-Clearwater, FL (Metropolitan Statistical Area)",United States,243.268344,3342963,72770.28
Tampere,Finland,26.143,520691,50208.28
Tangshan[292],China,140.471,7720900,18193.6
Taoyuan,Taiwan,52.010,2254363,23070.82
Taranto metropolitan area,Italy,13.59,561958,24183.3
Tarnów metropolitan area,Poland,5.098,429276,11875.81
Tbilisi,Georgia,14.131,1400000,10093.57
Tel Aviv metropolitan area,Israel,310.00,4156900,74574.8
"Terre Haute, IN MSA",United States,10.300542,168787,61026.87
"Texarkana, TX-AR MSA",United States,7.215096,145907,49449.96
The Hague,Netherlands,66.276,1122240,59056.89
"The Villages, FL MSA",United States,7.137460,144970,49234.05
Thessaloniki,Greece,18.926,1096665,17257.78
Thunder Bay,Canada,6.029,125334,48103.47
Tilburg,Netherlands,24.617,493004,49932.66
Timișoara metropolitan area,Romania,13.184,705500,18687.46
Tokelau,Tokelau,0.009,1499,6004.0
"Toledo, OH MSA",United States,49.254628,600141,82071.76
Tongling[citation needed],China,18.612,1301500,14300.42
Toowoomba,Australia,7.118,136861,52008.97
"Topeka, KS MSA",United States,15.156457,232322,65239.01
Toulouse Métropole,France,69.818,1434439,48672.69
Tours Métropole Val de Loire,France,23.164,612237,37835.02
Townsville,Australia,9.075,180820,50188.03
Trinational Eurodistrict of Basel,Switzerland,76.782,716546,107155.72
"Trenton-Princeton, NJ MSA",United States,53.002639,381671,138869.97
Trois-Rivières,Canada,6.72,167732,40063.91
Trondheim Region,Norway,30.919,471124,65628.16
Trujillo,Peru,5.7,1034300,5510.97
"Tucson, AZ MSA",United States,62.169929,1063162,58476.44
"Tulsa, OK MSA",United States,67.510846,1044757,64618.71
Turin metropolitan area,Italy,89.713,2219206,40425.72
Turku metropolitan area,Finland,23.664,481403,49156.32
"Tuscaloosa, AL MSA",United States,14.767427,278290,53064.89
"Twin Falls, Idaho",United States,5.878,116645,50392.22
"Tyler, TX MSA",United States,15.683898,245209,63961.35
Tyneside[note 2],United Kingdom,35.206,872154,40366.72
Uberlandia,Brazil,8.270,604013,13691.76
Ulm,Germany,28.437,500432,56824.9
Uppsala,Sweden,22.566,388394,58100.79
"Urban Honolulu, HI MSA",United States,81.675550,989408,82549.92
Ürümqi[302],China,58.532,4084800,14329.22
"Utica-Rome, NY MSA",United States,16.282294,287039,56725.02
Utrecht,Netherlands,98.493,1361153,72359.98
"Valdosta, GA MSA",United States,7.679252,151118,50816.26
Valencia metropolitan area,Spain,72.631,2574888,28207.44
Valladolid,Spain,16.906,519091,32568.47
"Vallejo, CA MSA",United States,37.156243,449218,82713.17
Valletta,Malta,17.603,486087,36213.68
"Varna, Bulgaria",Bulgaria,5.096,470124,10839.69
Burgas Province,Bulgaria,3.914,409750,9552.17
Verona metropolitan area,Italy,38.437,927810,41427.66
"Victoria, British Columbia",Canada,20.763,423136,49069.33
"Victoria, TX MSA",United States,6.323208,98808,63994.9
Vienna,Austria,165.969,2890577,57417.26
Vigo metropolitan area,Spain,26.005,943430,27564.31
Vilnius urban area,Lithuania,30.915,868341,35602.37
"Vineland-Bridgeton, NJ MSA",United States,8.208721,151356,54234.53
"Virginia Beach-Norfolk-Newport News, VA-NC (Metropolitan Statistical Area)",United States,127.459149,1660000,76782.62
"Visalia, CA MSA",United States,24.256732,477884,50758.62
Vishakhapatnam,India,43.5,2200000,19772.73
Vitória,Brazil,22.090,1857616,11891.59
Vitoria-Gasteiz,Spain,15.304,329758,46409.79
"Waco, TX MSA",United States,18.135219,304865,59486.06
Wagga Wagga,Australia,4.392,56442,77814.39
"Walla Walla, WA MSA",United States,4.362362,61568,70854.37
"Warner Robins, GA MSA",United States,10.549159,200779,52541.15
Warsaw metropolitan area,Poland,117.972,3242890,36378.66
"Washington-Arlington-Alexandria, DC-VA-MD-WV (Metropolitan Statistical Area)",United States,714.685,6304975,113352.55
"Waterloo-Cedar Falls, IA MSA",United States,12.521946,168162,74463.59
"Watertown-Fort Drum, NY MSA",United States,8.037177,114787,70018.18
"Wausau-Weston, WI MSA",United States,12.711703,166334,76422.76
Weihai[306],China,52.356,2914100,17966.44
"Weirton-Steubenville, WV-OH MSA",United States,7.568043,113544,66652.95
Wellington,New Zealand,26.607,440900,60347.02
"Wenatchee, WA MSA",United States,9.343442,124118,75278.7
Wenzhou[308],China,136.467,9806500,13915.97
Wetzlar,Germany,10.746,253373,42411.78
"Wheeling, WV-OH MSA",United States,12.658006,135517,93405.3
"Wichita Falls, TX MSA",United States,8.256094,149947,55060.08
"Wichita, KS MSA",United States,46.468045,652939,71167.51
"Williamsport, PA MSA",United States,7.486729,112724,66416.46
"Wilmington, NC MSA",United States,21.996036,467337,47066.75
"Winchester, VA-WV MSA",United States,9.988848,147260,67831.37
"Windsor, Ontario",Canada,16.46,359672,45763.92
Winnipeg Metropolitan Region,Canada,40.021,871778,45907.33
"Winston-Salem, NC MSA",United States,44.750605,695630,64331.05
Wollongong,Australia,5.624,300332,18725.94
"Worcester, MA-CT MSA",United States,64.135380,980137,65435.12
Wrocław metropolitan area,Poland,19.608,670219,29256.11
Wuhai[310][38],China,8.363,556750,15021.1
Wuhan[311],China,296.365,13791550,21488.88
Wuhu[citation needed],China,71.900,3776500,19038.79
Würzburg,Germany,26.245,507323,51732.33
Wuxi[312],China,228.362,7500000,30448.27
Xi'an[313],China,187.003,13122900,14250.13
Xiamen[314],China,120.603,5338500,22591.18
Xiangtan[315],China,41.522,2696500,15398.48
Xiangyang[316],China,85.688,5279100,16231.55
Xilingol[317],China,17.355,1114500,15572.01
Xinyu,China,14.517,1202499,12072.36
Xuchang,China,50.008,4379998,11417.36
Xuzhou[318],China,133.916,9015000,14854.8
"Yakima, WA MSA",United States,13.357488,256643,52046.96
Yan'an[319],China,33.466,2254650,14843.1
Yancheng[320],China,109.232,6680000,16352.1
Yangzhou[321],China,109.660,4585900,23912.43
Yantai[322],China,151.408,7033700,21526.08
Yerevan,Armenia,5.23,1500000,3486.67
Yichang[324],China,86.933,3925250,22147.12
Yingtan[176][175],China,19.438,1148350,16926.9
York,United Kingdom,11.543,206780,55822.61
"York-Hanover, PA MSA",United States,27.867147,464640,59975.78
"Youngstown-Warren-Boardman, OH-PA MSA",United States,26.178157,535499,48885.54
"Yuba City, CA MSA",United States,9.225272,183670,50227.43
Yueyang[325],China,72.001,4989450,14430.65
Yulin[citation needed],China,105.995,3607300,29383.47
"Yuma, AZ MSA",United States,9.883,208874,47315.61
Yuxi[326],China,36.257,2265500,16003.97
Zagreb metropolitan area,Croatia,30.307,1187450,25522.76
Zaragoza metropolitan area,Spain,32.994,976473,33788.95
Zhangzhou[327],China,85.144,5069500,16795.34
Zhengzhou[328],China,204.054,13047000,15639.92
Zhenjiang[329],China,77.791,3227000,24106.29
Zhuhai[330],China,62.893,2506300,25093.96
Zhoushan[331],China,31.260,1174500,26615.58
Zhuzhou[332],China,54.797,3844900,14251.87
Zibo[333],China,68.580,4655350,14731.44
Zurich Metropolitan Area,Switzerland,216.392,2123236,101916.13
Zwolle,Netherlands,20.455,377292,54215.3
